element_id,cluster,element,captures,stated_constraint,cyclonedx_1_7_paths,cyclonedx_fit,spdx_3_0_1_paths,spdx_fit,note
metadata.sbom-author,Metadata,SBOM author,Entity that generated the SBOM. Distinct from the producer of the thing described.,"String. Full names, no acronyms unless official.",metadata.authors[] (organizationalContact); metadata.manufacturer,direct,CreationInfo.createdBy -> Agent,direct,
metadata.sbom-version,Metadata,SBOM version,"Version of the SBOM document itself, per component name/version pair.",SemVer 2.0.0 (major SHOULD be 1) or RFC 9562 UUID.,version (integer at BOM root),partial,No document-version property,none,"CDX version is an integer, not SemVer. SPDX 3.0.1 has no SBOM document version at all. Real gap in both."
metadata.sbom-data-format-name,Metadata,SBOM data format name,Which format this SBOM is written in.,Free text.,bomFormat (const 'CycloneDX'),direct,@context + type: SpdxDocument,direct,
metadata.sbom-data-format-version,Metadata,SBOM data format version,Version of that format. Deprecated versions should not be used.,Free text. Deprecation rule.,specVersion (e.g. '1.7'),direct,CreationInfo.specVersion (e.g. '3.0.1'),direct,
metadata.sbom-author-signature,Metadata,SBOM author signature,"Digital signature of the SBOM author, for integrity and authenticity.","Algorithm approved by NIST DSS, ISO/IEC 14888-4:2024 or ENISA. No format named.","signature (JSF, jsf-0.82 schema); also declarations[].signature and citation[].signature",direct,No native signature construct,none,"THE COMMERCIAL HOOK. CycloneDX has a signature slot; SPDX 3.0.1 does not, so SPDX signing is out of band. Neither spec names a signature format (no Sigstore, DSSE, JWS or in-toto)."
metadata.sbom-tool-name,Metadata,SBOM tool name,Tool the author used to build the SBOM.,"String, full names.",metadata.tools.components[].name,direct,CreationInfo.createdUsing[] -> Tool.name,direct,
metadata.sbom-tool-version,Metadata,SBOM tool version,"Version of that tool. If none, say 'unknown'.",String. Explicit 'unknown' required if absent.,metadata.tools.components[].version,direct,Tool as Package -> packageVersion,partial,Empty is non-conformant. Explicit 'unknown' is conformant. Neither format enforces this.
metadata.sbom-generation-context,Metadata,SBOM generation context,Lifecycle phase at which the SBOM was made.,"Open list. Examples: before build, build, after build.","metadata.lifecycles[].phase (design, pre-build, build, post-build, operations, discovery, decommission)",partial,"LifecycleScopeType on relationships (design, build, development, test, runtime, other)",partial,"Vocabularies do not line up with each other or with the spec's three example values. SPDX scopes relationships, not the document."
metadata.sbom-timestamp,Metadata,SBOM timestamp,When the SBOM data was last changed. Every version gets a new one.,RFC 9557 (extended timestamps with bracketed suffixes).,metadata.timestamp (JSON Schema format: date-time),partial,CreationInfo.created (xsd:dateTimeStamp),partial,"RFC 9557 permits suffixes such as [America/Chicago] that RFC 3339 validators reject. Both formats validate as plain date-time, so a strictly conformant timestamp can fail their schemas."
metadata.sbom-dependency-relationship,Metadata,SBOM dependency relationship,Component X includes Y; or Y is derived from or a descendant of Z.,"Values: includes, included in, plus derived-from and descendant-of semantics.","dependencies[] (ref, dependsOn, provides); pedigree.ancestors/descendants/variants for derivation",direct,"Relationship: contains, dependsOn, ancestorOf, descendantOf, hasVariant",direct,
system-level-properties.system-name,System Level Properties,System name,Human-readable name of the whole AI system.,Multi-valued: alternate names should be capturable.,metadata.component.name,partial,Package.name,partial,Neither format allows alternate names on a single component. Spec explicitly asks for multiple entries. Use properties or externalIdentifier as a workaround.
system-level-properties.system-components,System Level Properties,System components,"Everything included in the AI system: models, databases, tools.",Free.,metadata.component.components[]; components[] + dependencies[],direct,Relationship contains,direct,
system-level-properties.system-producer,System Level Properties,System producer,"Entity that creates, defines and identifies the system.",Free.,metadata.component.manufacturer / .supplier,direct,Artifact.originatedBy / suppliedBy,direct,
system-level-properties.system-version,System Level Properties,System version,"Version of the system. If none, say 'unknown'.",Explicit 'unknown' required if absent.,metadata.component.version,direct,Package.packageVersion,direct,
system-level-properties.system-timestamp,System Level Properties,System timestamp,"Last update to the system, including model or software updates.",No RFC constraint stated (unlike SBOM timestamp).,No per-component update field. component.releaseNotes.timestamp is the nearest.,partial,Artifact.builtTime / releaseTime / validUntilTime,direct,SPDX is materially better here. CycloneDX has no component-level 'last updated' field.
system-level-properties.system-data-flow,System Level Properties,System data flow,"Data movement between components: endpoints, APIs, agent protocols, external services.","Link, reference or description.","services[].endpoints[]; services[].data[] with flow (inbound, outbound, bi-directional, unknown) and classification",direct,No data-flow construct,none,CycloneDX SaaSBOM services model this properly. SPDX 3.0.1 cannot express data flow at all. Biggest single divergence between the two formats.
system-level-properties.system-data-usage,System Level Properties,System data usage,"How data is processed and consumed, including logging and derived metadata.",Link to documentation.,services[].data[].classification; externalReferences[],partial,AIPackage.informationAboutApplication (free text),partial,Both weak. No structured notion of 'is user input used for training'.
system-level-properties.system-input-output-properties,System Level Properties,System input/output properties,"Input and output types, modality, preprocessing, tokenizer.",Free.,modelCard.modelParameters.inputs[].format / outputs[].format,partial,AIPackage.informationAboutApplication (free text),partial,"CycloneDX allows exactly ONE key here (format) because inputOutputMLParameters is additionalProperties:false. Modality lives in the separate cdx:ai-ml property taxonomy, not the schema. This is model-level in CDX, not system-level."
system-level-properties.intended-application-area,System Level Properties,Intended application area,"Domain the system is deployed in: healthcare, finance, cybersecurity, real time.",Free.,modelCard.considerations.useCases[],partial,AIPackage.domain (0..*),direct,SPDX has a purpose-built field. CycloneDX only has model-level use cases.
models.model-name,Models,Model name,Human-readable model name.,Multi-valued: alternate names should be capturable.,components[].name (type: machine-learning-model),partial,AIPackage.name,partial,Same alternate-names gap as System name.
models.model-identifier,Models,Model identifier,One or more machine-readable identifiers.,"CPE, PURL, UUID, org IDs, commit hashes, OmniBOR, SWHID. Include ALL of them.","components[].purl, .cpe, .swid, .omniborId, .swhid, .bom-ref",direct,Element.spdxId; Element.externalIdentifier[]; Package.packageUrl,direct,Both support the named schemes. Hugging Face PURL type (pkg:huggingface/...) is the de facto model identifier.
models.model-version,Models,Model version,"Model version. If none, say 'unknown'.",Explicit 'unknown' required if absent.,components[].version,direct,Package.packageVersion,direct,
models.model-timestamp,Models,Model timestamp,"Last update to the model, or its production release date.",Free.,components[].releaseNotes.timestamp,partial,Artifact.releaseTime / builtTime,direct,SPDX better.
models.model-producer,Models,Model producer,"Who pre-trained, post-trained or fine-tuned the model. Also the security point of contact.",Multi-valued.,"components[].manufacturer, .supplier, .authors[], .publisher",direct,"Artifact.originatedBy (0..*), suppliedBy (0..1)",direct,
models.model-description,Models,Model description,"Capabilities, known limitations, and lineage including the predecessor model.",Free.,components[].description; modelCard.considerations.technicalLimitations[]; pedigree.ancestors[],partial,Element.description; AIPackage.limitation; AIPackage.informationAboutTraining; ancestorOf relationship,partial,"LINEAGE IS THE PROBLEM. CycloneDX pedigree is structured but generic. SPDX 3.0.1 has no base-model edge at all, and even 3.1-dev's finetunedOn points at a dataset, not a parent model. 'This was fine-tuned from Llama 3' has no interoperable representation in either format."
models.model-hash-value,Models,Model hash value,Hash of the weights or model file.,ASCII-formatted value.,components[].hashes[].content,direct,Element.verifiedUsing -> Hash.hashValue,direct,
models.model-hash-algorithm,Models,Model hash algorithm,Algorithm that produced the hash.,IANA Hash Function Textual Names. NIST-approved.,"components[].hashes[].alg (closed enum: MD5, SHA-1, SHA-256/384/512, SHA3-*, BLAKE2b-*, BLAKE3)",partial,Hash.algorithm (SPDX HashAlgorithm vocabulary),partial,"NEITHER FORMAT USES IANA NAMES. Both have their own closed enums. A conformance checker has to map IANA names onto each format's vocabulary, and the sets do not fully overlap."
models.model-properties,Models,Model properties,"Architecture, parameter count, network type, hyperparameters. Explicitly nestable.",May contain sub-elements.,"modelCard.modelParameters.approach.type (enum: supervised, unsupervised, reinforcement-learning, semi-supervised, self-supervised), .task, .architectureFamily, .modelArchitecture; plus cdx:ai-ml:model:parameter:count and :hyperparameter:* taxonomy",direct,AIPackage.typeOfModel (0..*); AIPackage.hyperparameter[] (DictionaryEntry key/value strings),direct,CycloneDX is richer via the property taxonomy but the taxonomy sits outside the schema. SPDX hyperparameters are untyped strings with no units.
models.model-input-output-properties,Models,Model input-output properties,"Input and output types, context length, modality, tokenizer.",Free.,modelCard.modelParameters.inputs[].format / outputs[].format only,partial,No dedicated property,none,Context length and modality have no schema home in either format. CycloneDX puts modality in the taxonomy (cdx:ai-ml:model:modality); context length only as a hyperparameter property.
models.model-training-properties,Models,Model training properties,"All training: pre-training, fine-tuning, continual learning, RLHF, DPO, PPO, GRPO.","Free, link to model card.","modelCard.modelParameters.approach.type; formulation[].workflows[] for the training run; cdx:ai-ml:model:parameter:tune_method (full, sft, rlhf, adapter, prompt, lora, alora, qlora)",partial,AIPackage.informationAboutTraining (free text); trainedOn relationship,partial,"CycloneDX formulation can model the actual training run as a workflow. SPDX models it as a Build. Both are possible, neither is conventional, and no two producers will do it the same way."
models.model-license,Models,Model license,"Licence type, and whether open weight, open architecture, open data or open training.","Link to licence doc, or the SPDX/CDX licence fields.",components[].licenses[] (SPDX expression),partial,hasDeclaredLicense and hasConcludedLicense relationships (exactly one of each REQUIRED on an AIPackage),partial,OPEN-WEIGHT VOCABULARY IS MISSING EVERYWHERE. Neither format has any way to say open weight vs open architecture vs open data vs open training. This is a named requirement with no representation.
models.model-external-references,Models,Model external references,"Links to model cards, system cards, papers, documentation.",Link/URL.,"components[].externalReferences[] (47-value type enum incl. model-card, documentation, attestation, threat-model, adversary-model, risk-assessment, certification-report, pentest-report)",direct,Element.externalRef[],direct,CycloneDX has a dedicated model-card reference type. SPDX external refs are less typed.
datasets-properties.dataset-name,Datasets Properties,Dataset name,Name given by the dataset creator.,Free.,componentData.name; or components[].name with type: data,direct,DatasetPackage.name,direct,
datasets-properties.dataset-description,Datasets Properties,Dataset description,"What the dataset is for: pre-training, fine-tuning, benchmark, evaluation. Public or private.",Free.,componentData.description,direct,Element.description; DatasetPackage.intendedUse,direct,
datasets-properties.dataset-content,Datasets Properties,Dataset content,"What is in it and in what shape: financial, medical, image, audio, JSON, XML.",Free.,"componentData.type (enum: source-code, configuration, dataset, definition, other); .contents.{attachment,url,properties}",partial,"DatasetPackage.datasetType (14-value enum: audio, categorical, graph, image, noAssertion, numeric, other, sensor, structured, syntactic, text, timeseries, timestamp, video); .datasetSize (bytes)",direct,"SPDX is clearly better. Its 14-value datasetType is the only real content vocabulary in either format, and it is the ONLY required property in the whole SPDX AI/Dataset surface (minCount 1)."
datasets-properties.dataset-identifier,Datasets Properties,Dataset identifier,Unique identification of the dataset.,"URL, URI.",componentData.bom-ref; components[].purl,direct,Element.spdxId; externalIdentifier[]; Package.downloadLocation,direct,
datasets-properties.dataset-hash,Datasets Properties,Dataset hash,Hash over the dataset file.,No algorithm field is defined (unlike Models).,components[].hashes[] on the wrapping component only,partial,Element.verifiedUsing -> Hash,direct,"TRAP: CycloneDX componentData has NO hash property of its own. You can only hash the wrapping component. Also note the spec itself omits a Dataset hash algorithm element, which is an asymmetry with the Models cluster."
datasets-properties.dataset-provenance,Datasets Properties,Dataset provenance,"Origin, collection method (web crawl, commercial agreement), post-processing, curation, labelling, creator, synthetic-data method.",Free.,"componentData.governance.{custodians,stewards,owners}; .contents.url; formulation[] for the pipeline",partial,DatasetPackage.dataCollectionProcess; .dataPreprocessing (0..*); .anonymizationMethodUsed; Artifact.originatedBy,direct,SPDX has purpose-built fields for collection and preprocessing. CycloneDX has stewardship roles SPDX lacks. Neither has a synthetic-data-method field.
datasets-properties.dataset-statistical-properties,Datasets Properties,Dataset statistical properties,"Mean, variance, median, mode, range, skewness across the dataset lifecycle.",Free.,componentData.properties[] or .graphics,properties-only,No property,none,REAL GAP IN BOTH. No statistical characterisation exists anywhere in either format. Nearest is SPDX datasetNoise (free text) and CycloneDX graphics (base64 images).
datasets-properties.dataset-sensitivity,Datasets Properties,Dataset sensitivity,"Whether it contains PII, freely accessible, copyright-protected, sensitive (financial, medical) or national-security data.",Free.,componentData.sensitiveData[] (free-text array); .classification (unconstrained string),partial,"DatasetPackage.hasSensitivePersonalInformation (PresenceType: yes/no/noAssertion); .confidentialityLevel (TLP: red, amber, green, clear)",partial,"SPDX has controlled vocabularies, CycloneDX has none. But NEITHER covers copyright-protected or national-security categories, which the spec names explicitly. SPDX 3.1-dev adds amberStrict."
datasets-properties.dataset-dependency-relationship,Datasets Properties,Dataset dependency relationship,"Software used to create, modify and maintain the dataset. Derivation from another dataset.",Free.,dependencies[] on the data component; formulation[].components[] for the tooling,partial,"Relationship: dependsOn, usesTool, ancestorOf; Build profile for the pipeline",partial,"Both express it, neither conventionally."
datasets-properties.dataset-license,Datasets Properties,Dataset license,Licence type of the dataset.,Link to licence doc.,components[].licenses[],direct,hasDeclaredLicense and hasConcludedLicense (exactly one each REQUIRED on a DatasetPackage),direct,
infrastructure.infrastructure-software,Infrastructure,Infrastructure software,"Firmware, package managers, third-party libraries, frameworks, runtimes, tools needed to run the system.",Free.,components[] of type library/framework/container/operating-system + dependencies[]; formulation[].components[],direct,Relationship dependsOn / usesTool; Build profile,direct,
infrastructure.infrastructure-hardware,Infrastructure,Infrastructure hardware,Link to an existing HBOM covering the hardware the system runs on.,Link to an HBOM.,externalReferences[].type: 'bom' with a BOM-Link URN; components[].type: 'device',partial,No Hardware profile in 3.0.1 (arrives in 3.1-dev with runsOn),none,"SPDX 3.0.1 cannot express hardware at all. CycloneDX can link a separate BOM but has no HBOM profile either. Note OMB M-26-05 now makes agencies inventory hardware as well as software, so this gap has a buyer."
security-properties.security-controls,Security Properties,Security controls,"General controls (encryption, data minimisation, differential privacy, access control, API auth, anomaly detection) AND AI-specific controls (adversarial robustness training, prompt injection controls, I/O filters, training-data curation).","Free, may link to a framework.",properties[] under a private namespace; externalReferences[].type: threat-model / adversary-model / risk-assessment; declarations[] (CDXA) against definitions.standards[],properties-only,Extension profile; AIPackage.standardCompliance (partial),properties-only,"THE BIGGEST GAP ON THIS SHEET. Neither format has ANY field for adversarial robustness, prompt injection resistance, jailbreak resistance, data poisoning, watermarking, guardrails or red-teaming. Zero hits for all of those terms in both schemas. This is unclaimed territory."
security-properties.security-compliance,Security Properties,Security compliance,"Certification schemes, standards or frameworks the model or system complies with.",Free.,declarations[] (CDXA); externalReferences[].type: certification-report,partial,"AIPackage.standardCompliance (xsd:string, 0..*)",direct,SPDX has a plain field. CycloneDX requires the heavier Attestations construct.
security-properties.cybersecurity-policy-information,Security Properties,Cybersecurity policy information,Link to the producer's published security.txt.,URL to a security.txt file.,externalReferences[] with an appropriate type,partial,"Element.externalRef[] (securityAdvisory, securityOther)",partial,Neither has a security.txt reference type by name. Nearest fit only.
security-properties.vulnerability-referencing,Security Properties,Vulnerability referencing,Link to databases or repositories showing exploitability of known vulnerabilities.,Static link/URL.,"vulnerabilities[] (CVE, CWE, CVSS ratings, VEX analysis state); externalReferences[].type: vulnerability-assertion",direct,"Security profile: Vulnerability, VulnAssessmentRelationship, VEX relationships, CVSS v2/v3/v4, EPSS, SSVC",direct,"Both strong, but both are CVE-shaped. Neither can express a model-level attack surface, only vulnerabilities in software dependencies."
key-performance-indicators.security-metrics,Key Performance Indicators,Security metrics,"Metrics for the security characteristics of the models or the system, such as robustness benchmarks.",Free.,"modelCard.quantitativeAnalysis.performanceMetrics[] (type free text, value is a STRING, optional slice and confidence interval)",properties-only,"AIPackage.metric[] (DictionaryEntry: string key, string value)",properties-only,"Untyped in both. No units, no thresholds beyond SPDX metricDecisionThreshold, no security semantics. And in CycloneDX there is NO field linking a metric to the dataset it was measured on."
key-performance-indicators.operational-performance-kpis,Key Performance Indicators,Operational performance KPIs,"Uptime, incident resolution time, latency, request throughput, load balancing.",Free.,properties[] only,properties-only,AIPackage.metric[] only,properties-only,"REAL GAP IN BOTH. No operational-telemetry concept exists in either format. This is arguably out of scope for a static BOM, and worth saying so."
